https://twitter.com/frame_skip,"Hi @frame_skip, I noticed you have an interest in making things, and thought I would reach out.",anna
https://twitter.com/4meltvevo,"Hi @4meltvevo, I noticed you have an interest in reading, and thought I would reach out.",anna
https://twitter.com/nerian_network,"Hi @nerian_network, I noticed you have an interest in data processing, and thought I would reach out.",anna
https://twitter.com/azmatkhan83,"Hi @azmatkhan83, I noticed you have an interest in writing, and thought I would reach out.",anna
https://twitter.com/hasante_,"Hi @hasante_, I noticed you have an interest in writing, and thought I would reach out.",anna
https://twitter.com/jagoice,"Hi @jagoice, I noticed you have an interest in writing, and thought I would reach out.",anna
https://twitter.com/QQ_Notion,"Hi @QQ_Notion, I noticed you have an interest in digital tools, and thought I would reach out.",anna
https://twitter.com/DrMimiLi,"Hi @DrMimiLi, I noticed you have an interest in reading, and thought I would reach out.",anna
https://twitter.com/philkurtzjr,"Hi @philkurtzjr, I noticed you have an interest in personal development, and thought I would reach out.",anna
https://twitter.com/samrhall,"Hi @samrhall, I noticed you have an interest in writing, and thought I would reach out.",anna
https://twitter.com/hasanyilmaz,"Hi @hasanyilmaz, I noticed you have an interest in productivity, and thought I would reach out.",anna
https://twitter.com/drchp,"Hi @drchp, I noticed you have an interest in endovascular neurosurgery, and thought I would reach out.",anna
https://twitter.com/polscim,"Hi @polscim, I noticed you have an interest in writing, and thought I would reach out.",anna
https://twitter.com/siriusnottin,"Hi @siriusnottin, I noticed you have an interest in productivity, and thought I would reach out.",anna
https://twitter.com/yenchihao,"Hi @yenchihao, I noticed you have an interest in writing, and thought I would reach out.",anna
https://twitter.com/chainoperator,"Hi @chainoperator, I noticed you have an interest in writing, and thought I would reach out.",anna
https://twitter.com/ePirat,"Hi @ePirat, I noticed you have an interest in software development, and thought I would reach out.",anna
https://twitter.com/grotandthemob,"Hi @grotandthemob, I noticed you have an interest in writing, and thought I would reach out.",anna
https://twitter.com/antonme,"Hi @antonme, I noticed you have an interest in writing, and thought I would reach out.",anna
https://twitter.com/tomschx,"Hi @tomschx, I noticed you have an interest in writing, and thought I would reach out.",anna
https://twitter.com/Sarasti,"Hi @Sarasti, I noticed you have an interest in digital, and thought I would reach out.",anna
https://twitter.com/KarenLutfey,"Hi @KarenLutfey, I noticed you have an interest in writing, and thought I would reach out.",anna
https://twitter.com/sourced,"Hi @sourced, I noticed you have an interest in FLOSS, and thought I would reach out.",anna
https://twitter.com/Tweety87149010,"Hi @Tweety87149010, I noticed you have an interest in writing, and thought I would reach out.",anna
https://twitter.com/martin__jensen,"Hi @martin__jensen, I noticed you have an interest in coding, and thought I would reach out.",anna
https://twitter.com/Pyneus,"Hi @Pyneus, I noticed you have an interest in writing, and thought I would reach out.",anna
https://twitter.com/JoshMoodyIE,"Hi @JoshMoodyIE, I noticed you have an interest in digitalisation, and thought I would reach out.",anna
https://twitter.com/MarcusSkov,"Hi @MarcusSkov, I noticed you have an interest in UX/UI writing, and thought I would reach out.",anna
https://twitter.com/roop_rupa,"Hi @roop_rupa, I noticed you have an interest in disaster studies, and thought I would reach out.",anna
https://twitter.com/anmol_tomer_cc,"Hi @anmol_tomer_cc, I noticed you have an interest in building things one commit at a time, and thought I would reach out.",anna
https://twitter.com/ThymeParzival,"Hi @ThymeParzival, I noticed you have an interest in metaphysical musings, and thought I would reach out.",anna
https://twitter.com/hilgroth,"Hi @hilgroth, I noticed you have an interest in technology, and thought I would reach out.",anna
https://twitter.com/bensima,"Hi @bensima, I noticed you have an interest in writing, and thought I would reach out.",anna
https://twitter.com/play_w_madness,"Hi @play_w_madness, I noticed you have an interest in writing, and thought I would reach out.",anna
https://twitter.com/leo_cruz_96,"Hi @leo_cruz_96, I noticed you have an interest in personalised writing, and thought I would reach out.",anna
https://twitter.com/_ianpoV,"Hi @_ianpoV, I noticed you have an interest in reading, and thought I would reach out.",anna
https://twitter.com/M6hexnut,"Hi @M6hexnut, I noticed you have an interest in child development, and thought I would reach out.",anna
https://twitter.com/Michael17064609,"Hi @Michael17064609, I noticed you have an interest in history language, and thought I would reach out.",anna
https://twitter.com/ja_marekk,"Hi @ja_marekk, I noticed you have an interest in writing, and thought I would reach out.",anna
https://twitter.com/MrCompoopter,"Hi @MrCompoopter, I noticed you have an interest in writing, and thought I would reach out.",anna
https://twitter.com/Ferezoz,"Hi @Ferezoz, I noticed you have an interest in creating, and thought I would reach out.",anna
https://twitter.com/alternierend,"Hi @alternierend, I noticed you have an interest in writing, and thought I would reach out.",anna
https://twitter.com/TheeAndre,"Hi @TheeAndre, I noticed you have an interest in writing, and thought I would reach out.",anna
https://twitter.com/Urocyons,"Hi @Urocyons, I noticed you have an interest in writing, and thought I would reach out.",anna
https://twitter.com/alice_und_bob,"Hi @alice_und_bob, I noticed you have an interest in writing, and thought I would reach out.",anna
https://twitter.com/StevePatt3594,"Hi @StevePatt3594, I noticed you have an interest in ecologically rich writing, and thought I would reach out.",anna
https://twitter.com/akoshodi,"Hi @akoshodi, I noticed you have an interest in writing, and thought I would reach out.",anna
https://twitter.com/Ben_Guajiro,"Hi @Ben_Guajiro, I noticed you have an interest in writing, and thought I would reach out.",anna
https://twitter.com/ioAtif,"Hi @ioAtif, I noticed you have an interest in electrical engineering, and thought I would reach out.",anna
https://twitter.com/kall,"Hi @kall, I noticed you have an interest in building products with you, and thought I would reach out.",anna
https://twitter.com/theabdullahalam,"Hi @theabdullahalam, I noticed you have an interest in writing, and thought I would reach out.",anna
https://twitter.com/GrahamDuncanNYC,"Hi @GrahamDuncanNYC, I noticed you have an interest in writing, and thought I would reach out.",anna
https://twitter.com/zazesspur,"Hi @zazesspur, I noticed you have an interest in writing, and thought I would reach out.",anna
https://twitter.com/RatBitty,"Hi @RatBitty, I noticed you have an interest in digital art, and thought I would reach out.",anna
https://twitter.com/Stecyk,"Hi @Stecyk, I noticed you have an interest in investing, and thought I would reach out.",anna
https://twitter.com/trnqlbnvvnt,"Hi @trnqlbnvvnt, I noticed you have an interest in writing, and thought I would reach out.",anna
https://twitter.com/notmracus,"Hi @notmracus, I noticed you have an interest in writing, and thought I would reach out.",anna
https://twitter.com/MccBcck,"Hi @MccBcck, I noticed you have an interest in writing, and thought I would reach out.",anna
https://twitter.com/remipixel,"Hi @remipixel, I noticed you have an interest in gaming, and thought I would reach out.",anna
https://twitter.com/ShreyyTyagi,"Hi @ShreyyTyagi, I noticed you have an interest in solving problems, and thought I would reach out.",anna
https://twitter.com/billygerrardus,"Hi @billygerrardus, I noticed you have an interest in writing, and thought I would reach out.",anna
https://twitter.com/Q21Hey,"Hi @Q21Hey, I noticed you have an interest in writing, and thought I would reach out.",anna
https://twitter.com/NikGuruprasad,"Hi @NikGuruprasad, I noticed you have an interest in writing, and thought I would reach out.",anna
https://twitter.com/christy_k_lewis,"Hi @christy_k_lewis, I noticed you have an interest in engineering, and thought I would reach out.",anna
https://twitter.com/cantcomputer,"Hi @cantcomputer, I noticed you have an interest in writing, and thought I would reach out.",anna
https://twitter.com/__fcunhasantos,"Hi @__fcunhasantos, I noticed you have an interest in #writing, and thought I would reach out.",anna
https://twitter.com/florencehinder,"Hi @florencehinder, I noticed you have an interest in reading, and thought I would reach out.",anna
https://twitter.com/yzakius,"Hi @yzakius, I noticed you have an interest in writing about technology, and thought I would reach out.",anna
https://twitter.com/OliLovesHipHop,"Hi @OliLovesHipHop, I noticed you have an interest in writing, and thought I would reach out.",anna
https://twitter.com/adeyussuf411,"Hi @adeyussuf411, I noticed you have an interest in writing, and thought I would reach out.",anna
https://twitter.com/Baba_Aurora,"Hi @Baba_Aurora, I noticed you have an interest in writing, and thought I would reach out.",anna
https://twitter.com/PFUnicorns,"Hi @PFUnicorns, I noticed you have an interest in writing, and thought I would reach out.",anna
https://twitter.com/fearoflemmings7,"Hi @fearoflemmings7, I noticed you have an interest in investing, and thought I would reach out.",Not Sent
https://twitter.com/geppilihp,"Hi @geppilihp, I noticed you have an interest in smart contract hacking, and thought I would reach out.",anna
https://twitter.com/MatiasForbord,"Hi @MatiasForbord, I noticed you have an interest in note-taking, and thought I would reach out.",anna
https://twitter.com/OteroEUESP,"Hi @OteroEUESP, I noticed you have an interest in writing, and thought I would reach out.",anna
https://twitter.com/RaselDesigner,"Hi @RaselDesigner, I noticed you have an interest in graphic design, and thought I would reach out.",anna
https://twitter.com/just_shaun,"Hi @just_shaun, I noticed you have an interest in cosmology, and thought I would reach out.",anna
https://twitter.com/unterriault,"Hi @unterriault, I noticed you have an interest in writing, and thought I would reach out.",anna
https://twitter.com/slowdive15,"Hi @slowdive15, I noticed you have an interest in writing, and thought I would reach out.",anna
https://twitter.com/jasonology,"Hi @jasonology, I noticed you have an interest in writing, and thought I would reach out.",anna
https://twitter.com/OscarRyz,"Hi @OscarRyz, I noticed you have an interest in gaming, and thought I would reach out.",anna
https://twitter.com/sekuxrious,"Hi @sekuxrious, I noticed you have an interest in XR/AI/Product Technology, and thought I would reach out.",anna
https://twitter.com/alihatapci,"Hi @alihatapci, I noticed you have an interest in historical geographies of science, and thought I would reach out.",anna
https://twitter.com/mohaned1546,"Hi @mohaned1546, I noticed you have an interest in writing, and thought I would reach out.",anna
https://twitter.com/_shayanraza,"Hi @_shayanraza, I noticed you have an interest in tech, and thought I would reach out.",anna
https://twitter.com/ma_adam_,"Hi @ma_adam_, I noticed you have an interest in reading, and thought I would reach out.",anna
https://twitter.com/xavierroy,"Hi @xavierroy, I noticed you have an interest in writing, and thought I would reach out.",anna
https://twitter.com/dav1d_doraimon,"Hi @dav1d_doraimon, I noticed you have an interest in writing, and thought I would reach out.",anna
https://twitter.com/theorencohen,"Hi @theorencohen_, I noticed you have an interest in writing, and thought I would reach out.",anna
https://twitter.com/birkocterminal,"Hi @birkocterminal, I noticed you have an interest in writing, and thought I would reach out.",anna
https://twitter.com/DahlanAdil,"Hi @DahlanAdil, I noticed you have an interest in Medical Imaging and Diagnostics, and thought I would reach out.",anna
https://twitter.com/jccrosby,"Hi @jccrosby, I noticed you have an interest in writing, and thought I would reach out.",anna
https://twitter.com/bartvl,"Hi @bartvl, I noticed you have an interest in writing, and thought I would reach out.",anna
https://twitter.com/joshdiaz777,"Hi @joshdiaz777, I noticed you have an interest in drumming, and thought I would reach out.",anna
https://twitter.com/makku92,"Hi @makku92, I noticed you have an interest in writing, and thought I would reach out.",anna
https://twitter.com/danmarek69,"Hi @danmarek69, I noticed you have an interest in growth strategies, and thought I would reach out.",anna
https://twitter.com/thomleg,"Hi @thomleg, I noticed you have an interest in personalised writing, and thought I would reach out.",anna
https://twitter.com/AJ_Rego,"Hi @AJ_Rego, I noticed you have an interest in writing, and thought I would reach out.",anna
https://twitter.com/sahil_fruitwala,"Hi @sahil_fruitwala, I noticed you have an interest in writing, and thought I would reach out.",anna
https://twitter.com/nerdwhacked,"Hi @nerdwhacked, I noticed you have an interest in writing, and thought I would reach out.",anna
https://twitter.com/buddybhuvi,"Hi @buddybhuvi, I noticed you have an interest in iOS, and thought I would reach out.",anna
https://twitter.com/felippecaso,"Hi @felippecaso, I noticed you have an interest in writing, and thought I would reach out.",anna
https://twitter.com/neil_codes,"Hi @neil_codes, I noticed you have an interest in sustainable living, and thought I would reach out.",anna
https://twitter.com/PhilippSpiess,"Hi @PhilippSpiess, I noticed you have an interest in coding, and thought I would reach out.",anna
https://twitter.com/trycoachpro,"Hi @trycoachpro, I noticed you have an interest in productivity challenges, and thought I would reach out.",anna
https://twitter.com/jessegrownup,"Hi @jessegrownup, I noticed you have an interest in writing, and thought I would reach out.",anna
https://twitter.com/cadizjavier,"Hi @cadizjavier, I noticed you have an interest in software development, and thought I would reach out.",anna
https://twitter.com/ramonvanalteren,"Hi @ramonvanalteren, I noticed you have an interest in technology, and thought I would reach out.",anna
https://twitter.com/leooel1,"Hi @leooel1, I noticed you have an interest in writing, and thought I would reach out.",anna
https://twitter.com/zskatona,"Hi @zskatona, I noticed you have an interest in writing, and thought I would reach out.",anna
https://twitter.com/functoir,"Hi @functoir, I noticed you have an interest in writing, and thought I would reach out.",anna
https://twitter.com/wheelsofdawn,"Hi @wheelsofdawn, I noticed you have an interest in coding, and thought I would reach out.",anna
https://twitter.com/ChristinaLekati,"Hi @ChristinaLekati, I noticed you have an interest in #OSINT, and thought I would reach out.",anna
https://twitter.com/cdaIvaro,"Hi @cdaIvaro, I noticed you have an interest in writing, and thought I would reach out.",anna
https://twitter.com/mirin_idol,"Hi @mirin_idol, I noticed you have an interest in writing, and thought I would reach out.",anna
https://twitter.com/jmoorat,"Hi @jmoorat, I noticed you have an interest in cloud, and thought I would reach out.",anna
https://twitter.com/lauragift_,"Hi @lauragift_, I noticed you have an interest in writing, and thought I would reach out.",anna
https://twitter.com/Aaron_Dick24,"Hi @Aaron_Dick24, I noticed you have an interest in finance, and thought I would reach out.",anna
